Creation,MergeTime,id,isPr,N. of Comments,Closed,N. Labels,author, labelStatus, lastUpdateTime, milestoneTitle
1469606376,NA,15301,1,7,0,5,Andrej-CMS,NPNNNNNNNNNNNNNAN,1470139925,Next CMSSW_8_1_X
1469606508,NA,15302,1,1,0,5,Andrej-CMS,NPNNNNNNNNNNNNNPN,1469606539,Next CMSSW_7_1_X
1469609415,1469617971,15303,1,9,1,5,smuzaffar,NNNNNNNNNNNNANNAN,1469623637,Next CMSSW_8_1_X
1469610354,NA,15304,0,2,0,1,smuzaffar,NNNNNNNNNNNNNNNNN,1469614829,-
1469627210,1469683540,15305,1,8,1,5,davidlange6,NNNNNNNNNNNNNANAN,1469683540,Next CMSSW_8_1_X
1469627818,NA,15306,0,5,0,2,Dr15Jones,NNNNNNPNNNNNNNNNN,1469627872,-
1469629819,NA,15307,1,5,0,5,jasperlauwers,NNNNNANNNNNNNNNSN,1470133879,Next CMSSW_8_1_X
1469629983,NA,15308,1,4,0,5,jasperlauwers,NNNNNANNNNNNNNNSN,1470133879,Next CMSSW_8_0_X
1469631160,1469683528,15309,1,8,1,5,wddgit,NNNNNNANNNNNNNNAN,1469683529,Next CMSSW_8_1_X
1469631617,1469631636,15310,1,3,1,7,bundocka,NNNNNNNNNNPPNNPPN,1469690784,Next CMSSW_8_1_X
1469633207,NA,15311,1,10,0,9,jan-kaspar,NNNNNPNNNANPNANAN,1469818089,Next CMSSW_8_1_X
1469653191,NA,15312,1,1,0,5,Soureek89,NNNNNPNNNNNNNNNPN,1469653392,Next CMSSW_8_0_X
1469681913,NA,15313,1,2,0,5,Soureek89,NNNNNPNNNNNNNNNPN,1470138422,Next CMSSW_8_1_X
1469683190,1469948029,15314,0,36,1,5,davidlange6,NNNNNNNNNNNNNNNNN,1469948541,-
1469691287,1469691678,15315,1,5,1,15,depasse,RNPPNPNNNPPPPPPPN,1469694374,Next CMSSW_8_1_X
1469691998,1469692200,15316,1,1,1,15,depasse,PNPPNPNNNPPPPPPPN,1469692200,Next CMSSW_8_1_X
1469705304,NA,15317,1,7,0,9,jan-kaspar,NNNNNPNNNANPNANAN,1469818473,Next CMSSW_8_0_X
1469707405,NA,15318,1,11,0,5,VinInn,NNNNNNNNNNNNNPNAN,1469799282,Next CMSSW_8_1_X
1469712510,NA,15319,1,8,0,5,depasse,NNPNNNNNNNNNNNNPN,1470102250,Next CMSSW_8_0_X
1469715390,NA,15320,1,12,0,6,kpedro88,ANPNNNNNNNNNNNNAN,1470115460,Next CMSSW_8_1_X
1469715660,NA,15321,1,10,0,5,lihux25,NNNNNNNNNNNNNPNAN,1469803737,Next CMSSW_8_1_X
1469717623,NA,15322,1,17,0,6,kpedro88,PNNNNNNNNNNNNNAAN,1470057007,Next CMSSW_8_1_X
1469718721,NA,15323,1,7,0,5,fabozzi,NNNNNNNNNNNNANNAN,1469769422,Next CMSSW_8_0_X
1469725699,NA,15324,1,19,0,7,igv4321,PNPNNNNNNNNNNPNRN,1470024560,Next CMSSW_8_1_X
1469728806,NA,15325,1,1,0,5,dildick,NNNNNNNNNNPNNNNPN,1469728827,Next CMSSW_8_1_X
1469805654,NA,15326,1,5,0,5,civanch,NNNNNNNNNNNPNNNAN,1469814178,Next CMSSW_8_1_X
1469877290,1470061993,15327,1,32,1,6,perrotta,ANNNNNNNNNNNNNNAN,1470061993,Next CMSSW_8_1_X
1469877302,NA,15328,1,10,0,5,perrotta,NNNNNNNNNNNNNNNAN,1469891077,Next CMSSW_8_0_X
1469908599,NA,15329,1,5,0,5,barvic,NNNNNNNNNNNNNPNAN,1469916318,Next CMSSW_8_0_X
1469908697,NA,15330,1,13,0,5,barvic,NNNNNNNNNNNNNPNAN,1470138859,Next CMSSW_8_1_X
